{
  "0": [
    49.973,
    "09:12:15",
    0
  ],
  "1": [
    49.985,
    "09:12:30",
    1
  ],
  "2": [
    49.986999999999995,
    "09:12:45",
    2
  ],
  "3": [
    49.965,
    "09:13:00",
    3
  ],
  "4": [
    49.955,
    "09:13:15",
    4
  ],
  "5": [
    49.952,
    "09:13:30",
    5
  ],
  "6": [
    49.931000000000004,
    "09:13:45",
    6
  ],
  "7": [
    49.946000000000005,
    "09:14:00",
    7
  ],
  "8": [
    49.985,
    "09:14:15",
    8
  ],
  "9": [
    49.968999999999994,
    "09:14:30",
    9
  ],
  "10": [
    49.994,
    "09:14:45",
    10
  ],
  "11": [
    50.038999999999994,
    "09:15:00",
    11
  ],
  "12": [
    50.015,
    "09:15:15",
    12
  ],
  "13": [
    49.98,
    "09:15:30",
    13
  ],
  "14": [
    49.983000000000004,
    "09:15:45",
    14
  ],
  "15": [
    49.986999999999995,
    "09:16:00",
    15
  ],
  "16": [
    49.957,
    "09:16:15",
    16
  ],
  "17": [
    49.98,
    "09:16:30",
    17
  ],
  "18": [
    50.038999999999994,
    "09:16:45",
    18
  ],
  "19": [
    50.048,
    "09:17:00",
    19
  ],
  "20": [
    50.051,
    "09:17:15",
    20
  ],
  "21": [
    50.03,
    "09:17:30",
    21
  ],
  "22": [
    50.018,
    "09:17:45",
    22
  ],
  "23": [
    50.03,
    "09:18:00",
    23
  ],
  "24": [
    49.974,
    "09:18:15",
    24
  ],
  "25": [
    49.961999999999996,
    "09:18:30",
    25
  ],
  "26": [
    49.967,
    "09:18:45",
    26
  ],
  "27": [
    49.97,
    "09:19:00",
    27
  ],
  "28": [
    49.93899999999999,
    "09:19:15",
    28
  ],
  "29": [
    49.919,
    "09:19:30",
    29
  ],
  "30": [
    49.926,
    "09:19:45",
    30
  ],
  "31": [
    49.971000000000004,
    "09:20:00",
    31
  ],
  "32": [
    49.961999999999996,
    "09:20:15",
    32
  ],
  "33": [
    49.945,
    "09:20:30",
    33
  ],
  "34": [
    49.974,
    "09:20:45",
    34
  ],
  "35": [
    49.979,
    "09:21:00",
    35
  ],
  "36": [
    49.974,
    "09:21:15",
    36
  ],
  "37": [
    49.976000000000006,
    "09:21:30",
    37
  ],
  "38": [
    49.964,
    "09:21:45",
    38
  ],
  "39": [
    49.968,
    "09:22:00",
    39
  ],
  "40": [
    49.968,
    "09:22:15",
    40
  ],
  "41": [
    49.982,
    "09:22:30",
    41
  ],
  "42": [
    49.965,
    "09:22:45",
    42
  ],
  "43": [
    49.96,
    "09:23:00",
    43
  ],
  "44": [
    49.937,
    "09:23:15",
    44
  ],
  "45": [
    49.942,
    "09:23:30",
    45
  ],
  "46": [
    49.967,
    "09:23:45",
    46
  ],
  "47": [
    49.94,
    "09:24:00",
    47
  ],
  "48": [
    49.943000000000005,
    "09:24:15",
    48
  ],
  "49": [
    49.975,
    "09:24:30",
    49
  ],
  "50": [
    49.992,
    "09:24:45",
    50
  ],
  "51": [
    50.013999999999996,
    "09:25:00",
    51
  ],
  "52": [
    50.008,
    "09:25:15",
    52
  ],
  "53": [
    49.972,
    "09:25:30",
    53
  ],
  "54": [
    49.974,
    "09:25:45",
    54
  ],
  "55": [
    49.966,
    "09:26:00",
    55
  ],
  "56": [
    49.981,
    "09:26:15",
    56
  ],
  "57": [
    49.989,
    "09:26:30",
    57
  ],
  "58": [
    50.007,
    "09:26:45",
    58
  ],
  "59": [
    49.993,
    "09:27:00",
    59
  ],
  "60": [
    49.956,
    "09:27:15",
    60
  ],
  "61": [
    49.971000000000004,
    "09:27:30",
    61
  ],
  "62": [
    49.974,
    "09:27:45",
    62
  ],
  "63": [
    50.004,
    "09:28:00",
    63
  ],
  "64": [
    50.023,
    "09:28:15",
    64
  ],
  "65": [
    49.988,
    "09:28:30",
    65
  ],
  "66": [
    49.997,
    "09:28:45",
    66
  ],
  "67": [
    49.971000000000004,
    "09:29:00",
    67
  ],
  "68": [
    49.958,
    "09:29:15",
    68
  ],
  "69": [
    49.974,
    "09:29:30",
    69
  ],
  "70": [
    49.983999999999995,
    "09:29:45",
    70
  ],
  "71": [
    50.011,
    "09:30:00",
    71
  ],
  "72": [
    50.023999999999994,
    "09:30:15",
    72
  ],
  "73": [
    50.015,
    "09:30:30",
    73
  ],
  "74": [
    50.044,
    "09:30:45",
    74
  ],
  "75": [
    50.023999999999994,
    "09:31:00",
    75
  ],
  "76": [
    49.996,
    "09:31:15",
    76
  ],
  "77": [
    49.981,
    "09:31:30",
    77
  ],
  "78": [
    49.98,
    "09:31:45",
    78
  ],
  "79": [
    49.989,
    "09:32:00",
    79
  ],
  "80": [
    49.986999999999995,
    "09:32:15",
    80
  ],
  "81": [
    49.96,
    "09:32:30",
    81
  ],
  "82": [
    49.968999999999994,
    "09:32:45",
    82
  ],
  "83": [
    49.958999999999996,
    "09:33:00",
    83
  ],
  "84": [
    49.985,
    "09:33:15",
    84
  ],
  "85": [
    50.023,
    "09:33:30",
    85
  ],
  "86": [
    50.006,
    "09:33:45",
    86
  ],
  "87": [
    50.007,
    "09:34:00",
    87
  ],
  "88": [
    49.977,
    "09:34:15",
    88
  ],
  "89": [
    50.056000000000004,
    "09:34:30",
    89
  ],
  "90": [
    50.056000000000004,
    "09:34:45",
    90
  ],
  "91": [
    50.076,
    "09:35:00",
    91
  ],
  "92": [
    50.074,
    "09:35:15",
    92
  ],
  "93": [
    50.074,
    "09:35:30",
    93
  ],
  "94": [
    50.068000000000005,
    "09:35:45",
    94
  ],
  "95": [
    50.075,
    "09:36:00",
    95
  ],
  "96": [
    50.058,
    "09:36:15",
    96
  ],
  "97": [
    50.056000000000004,
    "09:36:30",
    97
  ],
  "98": [
    50.06,
    "09:36:45",
    98
  ],
  "99": [
    50.078,
    "09:37:00",
    99
  ],
  "100": [
    50.065,
    "09:37:15",
    100
  ],
  "101": [
    50.08,
    "09:37:30",
    101
  ],
  "102": [
    50.081,
    "09:37:45",
    102
  ],
  "103": [
    50.082,
    "09:38:00",
    103
  ],
  "104": [
    50.085,
    "09:38:15",
    104
  ],
  "105": [
    50.076,
    "09:38:30",
    105
  ],
  "106": [
    50.083999999999996,
    "09:38:45",
    106
  ],
  "107": [
    50.1,
    "09:39:00",
    107
  ],
  "108": [
    50.092,
    "09:39:15",
    108
  ],
  "109": [
    50.083,
    "09:39:30",
    109
  ],
  "110": [
    50.09,
    "09:39:45",
    110
  ],
  "111": [
    50.101000000000006,
    "09:40:00",
    111
  ],
  "112": [
    50.107,
    "09:40:15",
    112
  ],
  "113": [
    50.115,
    "09:40:30",
    113
  ],
  "114": [
    50.113,
    "09:40:45",
    114
  ],
  "115": [
    50.075,
    "09:41:00",
    115
  ],
  "116": [
    50.068999999999996,
    "09:41:15",
    116
  ],
  "117": [
    50.07899999999999,
    "09:41:30",
    117
  ],
  "118": [
    50.066,
    "09:41:45",
    118
  ],
  "119": [
    50.068999999999996,
    "09:42:00",
    119
  ],
  "120": [
    50.071000000000005,
    "09:42:15",
    120
  ],
  "121": [
    50.075,
    "09:42:30",
    121
  ],
  "122": [
    50.067,
    "09:42:45",
    122
  ],
  "123": [
    50.076,
    "09:43:00",
    123
  ],
  "124": [
    50.049,
    "09:43:15",
    124
  ],
  "125": [
    50.053999999999995,
    "09:43:30",
    125
  ],
  "126": [
    50.06,
    "09:43:45",
    126
  ],
  "127": [
    50.076,
    "09:44:00",
    127
  ],
  "128": [
    50.065,
    "09:44:15",
    128
  ],
  "129": [
    50.077,
    "09:44:30",
    129
  ],
  "130": [
    50.083999999999996,
    "09:44:45",
    130
  ],
  "131": [
    50.07,
    "09:45:00",
    131
  ],
  "132": [
    50.063,
    "09:45:15",
    132
  ],
  "133": [
    50.045,
    "09:45:30",
    133
  ],
  "134": [
    50.025,
    "09:45:45",
    134
  ],
  "135": [
    50.05,
    "09:46:00",
    135
  ],
  "136": [
    50.085,
    "09:46:15",
    136
  ],